tactic,technique,Id,action_what,action_where,where_attribute,when,when_condition,when_object,why_state,why_what,why_where,how,how_what,how_where,precondition,postcondition,alternative_technique
Class,uco,API,api,api,,,,,,,,,,,,,
Class,uco,ARPCache,arp cache,arp cache,,,,,,,,,,,,,
Class,uco,ARPCacheEntry,arp cache entry,arp cache entry,,,,,,,,,,,,,
Class,uco,Account,account,account,,,,,,,,,,,,,
Class,uco,AccountAuthenticationFacet,account authentication facet,account authentication facet,,,,,,,,,,,,,
Class,uco,AccountFacet,account facet,account facet,,,,,,,,,,,,,
Class,uco,Action,action,action,,,,,,,,,,,,,
Class,uco,ActionArgumentFacet,action argument facet,action argument facet,,,,,,,,,,,,,
Class,uco,ActionEstimationFacet,action estimation facet,action estimation facet,,,,,,,,,,,,,
Class,uco,ActionFrequencyFacet,action frequency facet,action frequency facet,,,,,,,,,,,,,
Class,uco,ActionLifecycle,action lifecycle,action lifecycle,,,,,,,,,,,,,
Class,uco,ActionPattern,action pattern,action pattern,,,,,,,,,,,,,
Class,uco,Adaptor,adaptor,adaptor,,,,,,,,,,,,,
Class,uco,Address,address,address,,,,,,,,,,,,,
Class,uco,AddressFacet,address facet,address facet,,,,,,,,,,,,,
Class,uco,AffiliationFacet,affiliation facet,affiliation facet,,,,,,,,,,,,,
Class,uco,AlternateDataStream,alternate data stream,alternate data stream,,,,,,,,,,,,,
Class,uco,AlternateDataStreamFacet,alternate data stream facet,alternate data stream facet,,,,,,,,,,,,,
Class,uco,Analysis,analysis,analysis,,,,,,,,,,,,,
Class,uco,AnalyticResult,analytic result,analytic result,,,,,,,,,,,,,
Class,uco,AnalyticResultFacet,analytic result facet,analytic result facet,,,,,,,,,,,,,
Class,uco,AnalyticTool,analytic tool,analytic tool,,,,,,,,,,,,,
Class,uco,AndroidDevice,android device,android device,,,,,,,,,,,,,
Class,uco,AndroidDeviceFacet,android device facet,android device facet,,,,,,,,,,,,,
Class,uco,AndroidPhone,android phone,android phone,,,,,,,,,,,,,
Class,uco,Annotation,annotation,annotation,,,,,,,,,,,,,
Class,uco,AntennaFacet,antenna facet,antenna facet,,,,,,,,,,,,,
Class,uco,AppleDevice,apple device,apple device,,,,,,,,,,,,,
Class,uco,Appliance,appliance,appliance,,,,,,,,,,,,,
Class,uco,Application,application,application,,,,,,,,,,,,,
Class,uco,ApplicationAccount,application account,application account,,,,,,,,,,,,,
Class,uco,ApplicationAccountFacet,application account facet,application account facet,,,,,,,,,,,,,
Class,uco,ApplicationFacet,application facet,application facet,,,,,,,,,,,,,
Class,uco,ApplicationVersion,application version,application version,,,,,,,,,,,,,
Class,uco,ArchiveFile,archive file,archive file,,,,,,,,,,,,,
Class,uco,ArchiveFileFacet,archive file facet,archive file facet,,,,,,,,,,,,,
Class,uco,ArrayOfAction,array of action,array of action,,,,,,,,,,,,,
Class,uco,ArtifactClassification,artifact classification,artifact classification,,,,,,,,,,,,,
Class,uco,ArtifactClassificationResultFacet,artifact classification result facet,artifact classification result facet,,,,,,,,,,,,,
Class,uco,Assertion,assertion,assertion,,,,,,,,,,,,,
Class,uco,AttributedName,attributed name,attributed name,,,,,,,,,,,,,
Class,uco,Audio,audio,audio,,,,,,,,,,,,,
Class,uco,AudioFacet,audio facet,audio facet,,,,,,,,,,,,,
Class,uco,AutonomousSystem,autonomous system,autonomous system,,,,,,,,,,,,,
Class,uco,AutonomousSystemFacet,autonomous system facet,autonomous system facet,,,,,,,,,,,,,
Class,uco,BenevolentRole,benevolent role,benevolent role,,,,,,,,,,,,,
Class,uco,BirthInformationFacet,birth information facet,birth information facet,,,,,,,,,,,,,
Class,uco,BlackberryPhone,blackberry phone,blackberry phone,,,,,,,,,,,,,
Class,uco,BlockDeviceNode,block device node,block device node,,,,,,,,,,,,,
Class,uco,BluetoothAddress,bluetooth address,bluetooth address,,,,,,,,,,,,,
Class,uco,BluetoothAddressFacet,bluetooth address facet,bluetooth address facet,,,,,,,,,,,,,
Class,uco,BotConfiguration,bot configuration,bot configuration,,,,,,,,,,,,,
Class,uco,BrowserBookmark,browser bookmark,browser bookmark,,,,,,,,,,,,,
Class,uco,BrowserBookmarkFacet,browser bookmark facet,browser bookmark facet,,,,,,,,,,,,,
Class,uco,BrowserCookie,browser cookie,browser cookie,,,,,,,,,,,,,
Class,uco,BrowserCookieFacet,browser cookie facet,browser cookie facet,,,,,,,,,,,,,
Class,uco,BuildFacet,build facet,build facet,,,,,,,,,,,,,
Class,uco,BuildInformationType,build information type,build information type,,,,,,,,,,,,,
Class,uco,BuildUtilityType,build utility type,build utility type,,,,,,,,,,,,,
Class,uco,Bundle,bundle,bundle,,,,,,,,,,,,,
Class,uco,Calendar,calendar,calendar,,,,,,,,,,,,,
Class,uco,CalendarEntry,calendar entry,calendar entry,,,,,,,,,,,,,
Class,uco,CalendarEntryFacet,calendar entry facet,calendar entry facet,,,,,,,,,,,,,
Class,uco,CalendarFacet,calendar facet,calendar facet,,,,,,,,,,,,,
Class,uco,Call,call,call,,,,,,,,,,,,,
Class,uco,CallFacet,call facet,call facet,,,,,,,,,,,,,
Class,uco,CapturedTelecommunicationsInformation,captured telecommunications information,captured telecommunications information,,,,,,,,,,,,,
Class,uco,CapturedTelecommunicationsInformationFacet,captured telecommunications information facet,captured telecommunications information facet,,,,,,,,,,,,,
Class,uco,CellSite,cell site,cell site,,,,,,,,,,,,,
Class,uco,CellSiteFacet,cell site facet,cell site facet,,,,,,,,,,,,,
Class,uco,CharacterDeviceNode,character device node,character device node,,,,,,,,,,,,,
Class,uco,Code,code,code,,,,,,,,,,,,,
Class,uco,Compilation,compilation,compilation,,,,,,,,,,,,,
Class,uco,CompilerType,compiler type,compiler type,,,,,,,,,,,,,
Class,uco,CompressedStreamFacet,compressed stream facet,compressed stream facet,,,,,,,,,,,,,
Class,uco,Computer,computer,computer,,,,,,,,,,,,,
Class,uco,ComputerSpecification,computer specification,computer specification,,,,,,,,,,,,,
Class,uco,ComputerSpecificationFacet,computer specification facet,computer specification facet,,,,,,,,,,,,,
Class,uco,ConfidenceFacet,confidence facet,confidence facet,,,,,,,,,,,,,
Class,uco,Configuration,configuration,configuration,,,,,,,,,,,,,
Class,uco,ConfigurationEntry,configuration entry,configuration entry,,,,,,,,,,,,,
Class,uco,ConfiguredSoftware,configured software,configured software,,,,,,,,,,,,,
Class,uco,ConfiguredTool,configured tool,configured tool,,,,,,,,,,,,,
Class,uco,Contact,contact,contact,,,,,,,,,,,,,
Class,uco,ContactAddress,contact address,contact address,,,,,,,,,,,,,
Class,uco,ContactAffiliation,contact affiliation,contact affiliation,,,,,,,,,,,,,
Class,uco,ContactEmail,contact email,contact email,,,,,,,,,,,,,
Class,uco,ContactFacet,contact facet,contact facet,,,,,,,,,,,,,
Class,uco,ContactList,contact list,contact list,,,,,,,,,,,,,
Class,uco,ContactListFacet,contact list facet,contact list facet,,,,,,,,,,,,,
Class,uco,ContactMessaging,contact messaging,contact messaging,,,,,,,,,,,,,
Class,uco,ContactPhone,contact phone,contact phone,,,,,,,,,,,,,
Class,uco,ContactProfile,contact profile,contact profile,,,,,,,,,,,,,
Class,uco,ContactSIP,contact sip,contact sip,,,,,,,,,,,,,
Class,uco,ContactURL,contact url,contact url,,,,,,,,,,,,,
Class,uco,ContentData,content data,content data,,,,,,,,,,,,,
Class,uco,ContentDataFacet,content data facet,content data facet,,,,,,,,,,,,,
Class,uco,ContextualCompilation,contextual compilation,contextual compilation,,,,,,,,,,,,,
Class,uco,ControlledDictionary,controlled dictionary,controlled dictionary,,,,,,,,,,,,,
Class,uco,ControlledDictionaryEntry,controlled dictionary entry,controlled dictionary entry,,,,,,,,,,,,,
Class,uco,ControlledVocabulary,controlled vocabulary,controlled vocabulary,,,,,,,,,,,,,
Class,uco,CookieHistory,cookie history,cookie history,,,,,,,,,,,,,
Class,uco,CountryOfResidenceFacet,country of residence facet,country of residence facet,,,,,,,,,,,,,
Class,uco,Credential,credential,credential,,,,,,,,,,,,,
Class,uco,CredentialDump,credential dump,credential dump,,,,,,,,,,,,,
Class,uco,DNSCache,dns cache,dns cache,,,,,,,,,,,,,
Class,uco,DNSRecord,dns record,dns record,,,,,,,,,,,,,
Class,uco,DataRangeFacet,data range facet,data range facet,,,,,,,,,,,,,
Class,uco,DefensiveTool,defensive tool,defensive tool,,,,,,,,,,,,,
Class,uco,DefinedEffectFacet,defined effect facet,defined effect facet,,,,,,,,,,,,,
Class,uco,Dependency,dependency,dependency,,,,,,,,,,,,,
Class,uco,Device,device,device,,,,,,,,,,,,,
Class,uco,DeviceFacet,device facet,device facet,,,,,,,,,,,,,
Class,uco,Dictionary,dictionary,dictionary,,,,,,,,,,,,,
Class,uco,DictionaryEntry,dictionary entry,dictionary entry,,,,,,,,,,,,,
Class,uco,DigitalAccount,digital account,digital account,,,,,,,,,,,,,
Class,uco,DigitalAccountFacet,digital account facet,digital account facet,,,,,,,,,,,,,
Class,uco,DigitalAddress,digital address,digital address,,,,,,,,,,,,,
Class,uco,DigitalAddressFacet,digital address facet,digital address facet,,,,,,,,,,,,,
Class,uco,DigitalCamera,digital camera,digital camera,,,,,,,,,,,,,
Class,uco,DigitalSignatureInfo,digital signature info,digital signature info,,,,,,,,,,,,,
Class,uco,DigitalSignatureInfoFacet,digital signature info facet,digital signature info facet,,,,,,,,,,,,,
Class,uco,Directory,directory,directory,,,,,,,,,,,,,
Class,uco,Disk,disk,disk,,,,,,,,,,,,,
Class,uco,DiskFacet,disk facet,disk facet,,,,,,,,,,,,,
Class,uco,DiskPartition,disk partition,disk partition,,,,,,,,,,,,,
Class,uco,DiskPartitionFacet,disk partition facet,disk partition facet,,,,,,,,,,,,,
Class,uco,DomainName,domain name,domain name,,,,,,,,,,,,,
Class,uco,DomainNameFacet,domain name facet,domain name facet,,,,,,,,,,,,,
Class,uco,Drone,drone,drone,,,,,,,,,,,,,
Class,uco,EXIFFacet,exif facet,exif facet,,,,,,,,,,,,,
Class,uco,EmailAccount,email account,email account,,,,,,,,,,,,,
Class,uco,EmailAccountFacet,email account facet,email account facet,,,,,,,,,,,,,
Class,uco,EmailAddress,email address,email address,,,,,,,,,,,,,
Class,uco,EmailAddressFacet,email address facet,email address facet,,,,,,,,,,,,,
Class,uco,EmailMessage,email message,email message,,,,,,,,,,,,,
Class,uco,EmailMessageFacet,email message facet,email message facet,,,,,,,,,,,,,
Class,uco,EmbeddedDevice,embedded device,embedded device,,,,,,,,,,,,,
Class,uco,EnclosingCompilation,enclosing compilation,enclosing compilation,,,,,,,,,,,,,
Class,uco,EncodedStreamFacet,encoded stream facet,encoded stream facet,,,,,,,,,,,,,
Class,uco,EncryptedStreamFacet,encrypted stream facet,encrypted stream facet,,,,,,,,,,,,,
Class,uco,EnvironmentVariable,environment variable,environment variable,,,,,,,,,,,,,
Class,uco,Event,event,event,,,,,,,,,,,,,
Class,uco,EventLog,event log,event log,,,,,,,,,,,,,
Class,uco,EventRecord,event record,event record,,,,,,,,,,,,,
Class,uco,EventRecordFacet,event record facet,event record facet,,,,,,,,,,,,,
Class,uco,EventsFacet,events facet,events facet,,,,,,,,,,,,,
Class,uco,ExtInodeFacet,ext inode facet,ext inode facet,,,,,,,,,,,,,
Class,uco,ExternalReference,external reference,external reference,,,,,,,,,,,,,
Class,uco,ExtractedString,extracted string,extracted string,,,,,,,,,,,,,
Class,uco,ExtractedStringsFacet,extracted strings facet,extracted strings facet,,,,,,,,,,,,,
Class,uco,Facet,facet,facet,,,,,,,,,,,,,
Class,uco,File,file,file,,,,,,,,,,,,,
Class,uco,FileFacet,file facet,file facet,,,,,,,,,,,,,
Class,uco,FilePermissionsFacet,file permissions facet,file permissions facet,,,,,,,,,,,,,
Class,uco,FileSystem,file system,file system,,,,,,,,,,,,,
Class,uco,FileSystemFacet,file system facet,file system facet,,,,,,,,,,,,,
Class,uco,FileSystemObject,file system object,file system object,,,,,,,,,,,,,
Class,uco,ForumPost,forum post,forum post,,,,,,,,,,,,,
Class,uco,ForumPrivateMessage,forum private message,forum private message,,,,,,,,,,,,,
Class,uco,FragmentFacet,fragment facet,fragment facet,,,,,,,,,,,,,
Class,uco,GPSCoordinatesFacet,gps coordinates facet,gps coordinates facet,,,,,,,,,,,,,
Class,uco,GUI,gui,gui,,,,,,,,,,,,,
Class,uco,GamingConsole,gaming console,gaming console,,,,,,,,,,,,,
Class,uco,GenericObservableObject,generic observable object,generic observable object,,,,,,,,,,,,,
Class,uco,GeoLocationEntry,geo location entry,geo location entry,,,,,,,,,,,,,
Class,uco,GeoLocationEntryFacet,geo location entry facet,geo location entry facet,,,,,,,,,,,,,
Class,uco,GeoLocationLog,geo location log,geo location log,,,,,,,,,,,,,
Class,uco,GeoLocationLogFacet,geo location log facet,geo location log facet,,,,,,,,,,,,,
Class,uco,GeoLocationTrack,geo location track,geo location track,,,,,,,,,,,,,
Class,uco,GeoLocationTrackFacet,geo location track facet,geo location track facet,,,,,,,,,,,,,
Class,uco,GlobalFlagType,global flag type,global flag type,,,,,,,,,,,,,
Class,uco,GranularMarking,granular marking,granular marking,,,,,,,,,,,,,
Class,uco,Grouping,grouping,grouping,,,,,,,,,,,,,
Class,uco,HTTPConnection,http connection,http connection,,,,,,,,,,,,,
Class,uco,HTTPConnectionFacet,http connection facet,http connection facet,,,,,,,,,,,,,
Class,uco,Hash,hash,hash,,,,,,,,,,,,,
Class,uco,Hostname,hostname,hostname,,,,,,,,,,,,,
Class,uco,ICMPConnection,icmp connection,icmp connection,,,,,,,,,,,,,
Class,uco,ICMPConnectionFacet,icmp connection facet,icmp connection facet,,,,,,,,,,,,,
Class,uco,IComHandlerActionType,i com handler action type,i com handler action type,,,,,,,,,,,,,
Class,uco,IExecActionType,i exec action type,i exec action type,,,,,,,,,,,,,
Class,uco,IPAddress,ip address,ip address,,,,,,,,,,,,,
Class,uco,IPAddressFacet,ip address facet,ip address facet,,,,,,,,,,,,,
Class,uco,IPNetmask,ip netmask,ip netmask,,,,,,,,,,,,,
Class,uco,IPhone,i phone,i phone,,,,,,,,,,,,,
Class,uco,IPv4Address,i pv4address,i pv4address,,,,,,,,,,,,,
Class,uco,IPv4AddressFacet,i pv4address facet,i pv4address facet,,,,,,,,,,,,,
Class,uco,IPv6Address,i pv6address,i pv6address,,,,,,,,,,,,,
Class,uco,IPv6AddressFacet,i pv6address facet,i pv6address facet,,,,,,,,,,,,,
Class,uco,IShowMessageActionType,i show message action type,i show message action type,,,,,,,,,,,,,
Class,uco,IdentifierFacet,identifier facet,identifier facet,,,,,,,,,,,,,
Class,uco,Identity,identity,identity,,,,,,,,,,,,,
Class,uco,IdentityAbstraction,identity abstraction,identity abstraction,,,,,,,,,,,,,
Class,uco,IdentityFacet,identity facet,identity facet,,,,,,,,,,,,,
Class,uco,Image,image,image,,,,,,,,,,,,,
Class,uco,ImageFacet,image facet,image facet,,,,,,,,,,,,,
Class,uco,ImproperDictionary,improper dictionary,improper dictionary,,,,,,,,,,,,,
Class,uco,InstantMessagingAddress,instant messaging address,instant messaging address,,,,,,,,,,,,,
Class,uco,InstantMessagingAddressFacet,instant messaging address facet,instant messaging address facet,,,,,,,,,,,,,
Class,uco,Item,item,item,,,,,,,,,,,,,
Class,uco,Junction,junction,junction,,,,,,,,,,,,,
Class,uco,LanguagesFacet,languages facet,languages facet,,,,,,,,,,,,,
Class,uco,Laptop,laptop,laptop,,,,,,,,,,,,,
Class,uco,LatLongCoordinatesFacet,lat long coordinates facet,lat long coordinates facet,,,,,,,,,,,,,
Class,uco,Library,library,library,,,,,,,,,,,,,
Class,uco,LibraryFacet,library facet,library facet,,,,,,,,,,,,,
Class,uco,LibraryType,library type,library type,,,,,,,,,,,,,
Class,uco,LicenseMarking,license marking,license marking,,,,,,,,,,,,,
Class,uco,Location,location,location,,,,,,,,,,,,,
Class,uco,LogicalPattern,logical pattern,logical pattern,,,,,,,,,,,,,
Class,uco,MACAddress,mac address,mac address,,,,,,,,,,,,,
Class,uco,MACAddressFacet,mac address facet,mac address facet,,,,,,,,,,,,,
Class,uco,MaliciousRole,malicious role,malicious role,,,,,,,,,,,,,
Class,uco,MaliciousTool,malicious tool,malicious tool,,,,,,,,,,,,,
Class,uco,MarkingDefinition,marking definition,marking definition,,,,,,,,,,,,,
Class,uco,MarkingDefinitionAbstraction,marking definition abstraction,marking definition abstraction,,,,,,,,,,,,,
Class,uco,MarkingModel,marking model,marking model,,,,,,,,,,,,,
Class,uco,Memory,memory,memory,,,,,,,,,,,,,
Class,uco,MemoryFacet,memory facet,memory facet,,,,,,,,,,,,,
Class,uco,Message,message,message,,,,,,,,,,,,,
Class,uco,MessageFacet,message facet,message facet,,,,,,,,,,,,,
Class,uco,MessageThread,message thread,message thread,,,,,,,,,,,,,
Class,uco,MessageThreadFacet,message thread facet,message thread facet,,,,,,,,,,,,,
Class,uco,MftRecordFacet,mft record facet,mft record facet,,,,,,,,,,,,,
Class,uco,MimePartType,mime part type,mime part type,,,,,,,,,,,,,
Class,uco,MobileAccount,mobile account,mobile account,,,,,,,,,,,,,
Class,uco,MobileAccountFacet,mobile account facet,mobile account facet,,,,,,,,,,,,,
Class,uco,MobileDevice,mobile device,mobile device,,,,,,,,,,,,,
Class,uco,MobileDeviceFacet,mobile device facet,mobile device facet,,,,,,,,,,,,,
Class,uco,MobilePhone,mobile phone,mobile phone,,,,,,,,,,,,,
Class,uco,ModusOperandi,modus operandi,modus operandi,,,,,,,,,,,,,
Class,uco,Mutex,mutex,mutex,,,,,,,,,,,,,
Class,uco,MutexFacet,mutex facet,mutex facet,,,,,,,,,,,,,
Class,uco,NTFSFile,ntfs file,ntfs file,,,,,,,,,,,,,
Class,uco,NTFSFileFacet,ntfs file facet,ntfs file facet,,,,,,,,,,,,,
Class,uco,NTFSFilePermissionsFacet,ntfs file permissions facet,ntfs file permissions facet,,,,,,,,,,,,,
Class,uco,NamedPipe,named pipe,named pipe,,,,,,,,,,,,,
Class,uco,NationalityFacet,nationality facet,nationality facet,,,,,,,,,,,,,
Class,uco,NetworkAppliance,network appliance,network appliance,,,,,,,,,,,,,
Class,uco,NetworkConnection,network connection,network connection,,,,,,,,,,,,,
Class,uco,NetworkConnectionFacet,network connection facet,network connection facet,,,,,,,,,,,,,
Class,uco,NetworkFlow,network flow,network flow,,,,,,,,,,,,,
Class,uco,NetworkFlowFacet,network flow facet,network flow facet,,,,,,,,,,,,,
Class,uco,NetworkInterface,network interface,network interface,,,,,,,,,,,,,
Class,uco,NetworkInterfaceFacet,network interface facet,network interface facet,,,,,,,,,,,,,
Class,uco,NetworkProtocol,network protocol,network protocol,,,,,,,,,,,,,
Class,uco,NetworkRoute,network route,network route,,,,,,,,,,,,,
Class,uco,NetworkSubnet,network subnet,network subnet,,,,,,,,,,,,,
Class,uco,NeutralRole,neutral role,neutral role,,,,,,,,,,,,,
Class,uco,Note,note,note,,,,,,,,,,,,,
Class,uco,NoteFacet,note facet,note facet,,,,,,,,,,,,,
Class,uco,Observable,observable,observable,,,,,,,,,,,,,
Class,uco,ObservableAction,observable action,observable action,,,,,,,,,,,,,
Class,uco,ObservableObject,observable object,observable object,,,,,,,,,,,,,
Class,uco,ObservablePattern,observable pattern,observable pattern,,,,,,,,,,,,,
Class,uco,ObservableRelationship,observable relationship,observable relationship,,,,,,,,,,,,,
Class,uco,Observation,observation,observation,,,,,,,,,,,,,
Class,uco,OccupationFacet,occupation facet,occupation facet,,,,,,,,,,,,,
Class,uco,OnlineService,online service,online service,,,,,,,,,,,,,
Class,uco,OnlineServiceFacet,online service facet,online service facet,,,,,,,,,,,,,
Class,uco,OperatingSystem,operating system,operating system,,,,,,,,,,,,,
Class,uco,OperatingSystemFacet,operating system facet,operating system facet,,,,,,,,,,,,,
Class,uco,Organization,organization,organization,,,,,,,,,,,,,
Class,uco,OrganizationDetailsFacet,organization details facet,organization details facet,,,,,,,,,,,,,
Class,uco,PDFFile,pdf file,pdf file,,,,,,,,,,,,,
Class,uco,PDFFileFacet,pdf file facet,pdf file facet,,,,,,,,,,,,,
Class,uco,PathRelationFacet,path relation facet,path relation facet,,,,,,,,,,,,,
Class,uco,Pattern,pattern,pattern,,,,,,,,,,,,,
Class,uco,PatternExpression,pattern expression,pattern expression,,,,,,,,,,,,,
Class,uco,PaymentCard,payment card,payment card,,,,,,,,,,,,,
Class,uco,Person,person,person,,,,,,,,,,,,,
Class,uco,PersonalDetailsFacet,personal details facet,personal details facet,,,,,,,,,,,,,
Class,uco,PhoneAccount,phone account,phone account,,,,,,,,,,,,,
Class,uco,PhoneAccountFacet,phone account facet,phone account facet,,,,,,,,,,,,,
Class,uco,PhysicalInfoFacet,physical info facet,physical info facet,,,,,,,,,,,,,
Class,uco,Pipe,pipe,pipe,,,,,,,,,,,,,
Class,uco,Post,post,post,,,,,,,,,,,,,
Class,uco,Process,process,process,,,,,,,,,,,,,
Class,uco,ProcessFacet,process facet,process facet,,,,,,,,,,,,,
Class,uco,ProcessThread,process thread,process thread,,,,,,,,,,,,,
Class,uco,Profile,profile,profile,,,,,,,,,,,,,
Class,uco,ProfileFacet,profile facet,profile facet,,,,,,,,,,,,,
Class,uco,ProperDictionary,proper dictionary,proper dictionary,,,,,,,,,,,,,
Class,uco,PropertiesEnumeratedEffectFacet,properties enumerated effect facet,properties enumerated effect facet,,,,,,,,,,,,,
Class,uco,PropertyReadEffectFacet,property read effect facet,property read effect facet,,,,,,,,,,,,,
Class,uco,ProtocolConverter,protocol converter,protocol converter,,,,,,,,,,,,,
Class,uco,QualificationFacet,qualification facet,qualification facet,,,,,,,,,,,,,
Class,uco,RasterPicture,raster picture,raster picture,,,,,,,,,,,,,
Class,uco,RasterPictureFacet,raster picture facet,raster picture facet,,,,,,,,,,,,,
Class,uco,RecoveredObject,recovered object,recovered object,,,,,,,,,,,,,
Class,uco,RecoveredObjectFacet,recovered object facet,recovered object facet,,,,,,,,,,,,,
Class,uco,RelatedIdentityFacet,related identity facet,related identity facet,,,,,,,,,,,,,
Class,uco,Relationship,relationship,relationship,,,,,,,,,,,,,
Class,uco,ReleaseToMarking,release to marking,release to marking,,,,,,,,,,,,,
Class,uco,ReparsePoint,reparse point,reparse point,,,,,,,,,,,,,
Class,uco,Role,role,role,,,,,,,,,,,,,
Class,uco,SIMCard,sim card,sim card,,,,,,,,,,,,,
Class,uco,SIMCardFacet,sim card facet,sim card facet,,,,,,,,,,,,,
Class,uco,SIPAddress,sip address,sip address,,,,,,,,,,,,,
Class,uco,SIPAddressFacet,sip address facet,sip address facet,,,,,,,,,,,,,
Class,uco,SMSMessage,sms message,sms message,,,,,,,,,,,,,
Class,uco,SMSMessageFacet,sms message facet,sms message facet,,,,,,,,,,,,,
Class,uco,SQLiteBlob,sq lite blob,sq lite blob,,,,,,,,,,,,,
Class,uco,SQLiteBlobFacet,sq lite blob facet,sq lite blob facet,,,,,,,,,,,,,
Class,uco,SecurityAppliance,security appliance,security appliance,,,,,,,,,,,,,
Class,uco,Semaphore,semaphore,semaphore,,,,,,,,,,,,,
Class,uco,SendControlCodeEffectFacet,send control code effect facet,send control code effect facet,,,,,,,,,,,,,
Class,uco,Server,server,server,,,,,,,,,,,,,
Class,uco,ShopListing,shop listing,shop listing,,,,,,,,,,,,,
Class,uco,SimpleAddressFacet,simple address facet,simple address facet,,,,,,,,,,,,,
Class,uco,SimpleNameFacet,simple name facet,simple name facet,,,,,,,,,,,,,
Class,uco,SmartDevice,smart device,smart device,,,,,,,,,,,,,
Class,uco,SmartPhone,smart phone,smart phone,,,,,,,,,,,,,
Class,uco,Snapshot,snapshot,snapshot,,,,,,,,,,,,,
Class,uco,Socket,socket,socket,,,,,,,,,,,,,
Class,uco,SocketAddress,socket address,socket address,,,,,,,,,,,,,
Class,uco,Software,software,software,,,,,,,,,,,,,
Class,uco,SoftwareFacet,software facet,software facet,,,,,,,,,,,,,
Class,uco,StateChangeEffectFacet,state change effect facet,state change effect facet,,,,,,,,,,,,,
Class,uco,StatementMarking,statement marking,statement marking,,,,,,,,,,,,,
Class,uco,StorageMedium,storage medium,storage medium,,,,,,,,,,,,,
Class,uco,StorageMediumFacet,storage medium facet,storage medium facet,,,,,,,,,,,,,
Class,uco,SymbolicLink,symbolic link,symbolic link,,,,,,,,,,,,,
Class,uco,SymbolicLinkFacet,symbolic link facet,symbolic link facet,,,,,,,,,,,,,
Class,uco,TCPConnection,tcp connection,tcp connection,,,,,,,,,,,,,
Class,uco,TCPConnectionFacet,tcp connection facet,tcp connection facet,,,,,,,,,,,,,
Class,uco,TableField,table field,table field,,,,,,,,,,,,,
Class,uco,TableFieldFacet,table field facet,table field facet,,,,,,,,,,,,,
Class,uco,Tablet,tablet,tablet,,,,,,,,,,,,,
Class,uco,TaskActionType,task action type,task action type,,,,,,,,,,,,,
Class,uco,TermsOfUseMarking,terms of use marking,terms of use marking,,,,,,,,,,,,,
Class,uco,Thread,thread,thread,,,,,,,,,,,,,
Class,uco,ThreadItem,thread item,thread item,,,,,,,,,,,,,
Class,uco,Tool,tool,tool,,,,,,,,,,,,,
Class,uco,TriggerType,trigger type,trigger type,,,,,,,,,,,,,
Class,uco,Tweet,tweet,tweet,,,,,,,,,,,,,
Class,uco,TwitterProfileFacet,twitter profile facet,twitter profile facet,,,,,,,,,,,,,
Class,uco,UNIXAccount,unix account,unix account,,,,,,,,,,,,,
Class,uco,UNIXAccountFacet,unix account facet,unix account facet,,,,,,,,,,,,,
Class,uco,UNIXFile,unix file,unix file,,,,,,,,,,,,,
Class,uco,UNIXFilePermissionsFacet,unix file permissions facet,unix file permissions facet,,,,,,,,,,,,,
Class,uco,UNIXProcess,unix process,unix process,,,,,,,,,,,,,
Class,uco,UNIXProcessFacet,unix process facet,unix process facet,,,,,,,,,,,,,
Class,uco,UNIXVolumeFacet,unix volume facet,unix volume facet,,,,,,,,,,,,,
Class,uco,URL,url,url,,,,,,,,,,,,,
Class,uco,URLFacet,url facet,url facet,,,,,,,,,,,,,
Class,uco,URLHistory,url history,url history,,,,,,,,,,,,,
Class,uco,URLHistoryEntry,url history entry,url history entry,,,,,,,,,,,,,
Class,uco,URLHistoryFacet,url history facet,url history facet,,,,,,,,,,,,,
Class,uco,URLVisit,url visit,url visit,,,,,,,,,,,,,
Class,uco,URLVisitFacet,url visit facet,url visit facet,,,,,,,,,,,,,
Class,uco,UcoInherentCharacterizationThing,uco inherent characterization thing,uco inherent characterization thing,,,,,,,,,,,,,
Class,uco,UcoObject,uco object,uco object,,,,,,,,,,,,,
Class,uco,UcoThing,uco thing,uco thing,,,,,,,,,,,,,
Class,uco,UserAccount,user account,user account,,,,,,,,,,,,,
Class,uco,UserAccountFacet,user account facet,user account facet,,,,,,,,,,,,,
Class,uco,UserSession,user session,user session,,,,,,,,,,,,,
Class,uco,UserSessionFacet,user session facet,user session facet,,,,,,,,,,,,,
Class,uco,ValuesEnumeratedEffectFacet,values enumerated effect facet,values enumerated effect facet,,,,,,,,,,,,,
Class,uco,Victim,victim,victim,,,,,,,,,,,,,
Class,uco,VictimTargeting,victim targeting,victim targeting,,,,,,,,,,,,,
Class,uco,VisaFacet,visa facet,visa facet,,,,,,,,,,,,,
Class,uco,Volume,volume,volume,,,,,,,,,,,,,
Class,uco,VolumeFacet,volume facet,volume facet,,,,,,,,,,,,,
Class,uco,WearableDevice,wearable device,wearable device,,,,,,,,,,,,,
Class,uco,WebPage,web page,web page,,,,,,,,,,,,,
Class,uco,WhoIs,who is,who is,,,,,,,,,,,,,
Class,uco,WhoIsFacet,who is facet,who is facet,,,,,,,,,,,,,
Class,uco,WhoisContactFacet,whois contact facet,whois contact facet,,,,,,,,,,,,,
Class,uco,WhoisRegistrarInfoType,whois registrar info type,whois registrar info type,,,,,,,,,,,,,
Class,uco,WifiAddress,wifi address,wifi address,,,,,,,,,,,,,
Class,uco,WifiAddressFacet,wifi address facet,wifi address facet,,,,,,,,,,,,,
Class,uco,Wiki,wiki,wiki,,,,,,,,,,,,,
Class,uco,WikiArticle,wiki article,wiki article,,,,,,,,,,,,,
Class,uco,WindowsAccount,windows account,windows account,,,,,,,,,,,,,
Class,uco,WindowsAccountFacet,windows account facet,windows account facet,,,,,,,,,,,,,
Class,uco,WindowsActiveDirectoryAccount,windows active directory account,windows active directory account,,,,,,,,,,,,,
Class,uco,WindowsActiveDirectoryAccountFacet,windows active directory account facet,windows active directory account facet,,,,,,,,,,,,,
Class,uco,WindowsComputerSpecification,windows computer specification,windows computer specification,,,,,,,,,,,,,
Class,uco,WindowsComputerSpecificationFacet,windows computer specification facet,windows computer specification facet,,,,,,,,,,,,,
Class,uco,WindowsCriticalSection,windows critical section,windows critical section,,,,,,,,,,,,,
Class,uco,WindowsEvent,windows event,windows event,,,,,,,,,,,,,
Class,uco,WindowsFilemapping,windows filemapping,windows filemapping,,,,,,,,,,,,,
Class,uco,WindowsHandle,windows handle,windows handle,,,,,,,,,,,,,
Class,uco,WindowsHook,windows hook,windows hook,,,,,,,,,,,,,
Class,uco,WindowsMailslot,windows mailslot,windows mailslot,,,,,,,,,,,,,
Class,uco,WindowsNetworkShare,windows network share,windows network share,,,,,,,,,,,,,
Class,uco,WindowsPEBinaryFile,windows pe binary file,windows pe binary file,,,,,,,,,,,,,
Class,uco,WindowsPEBinaryFileFacet,windows pe binary file facet,windows pe binary file facet,,,,,,,,,,,,,
Class,uco,WindowsPEFileHeader,windows pe file header,windows pe file header,,,,,,,,,,,,,
Class,uco,WindowsPEOptionalHeader,windows pe optional header,windows pe optional header,,,,,,,,,,,,,
Class,uco,WindowsPESection,windows pe section,windows pe section,,,,,,,,,,,,,
Class,uco,WindowsPrefetch,windows prefetch,windows prefetch,,,,,,,,,,,,,
Class,uco,WindowsPrefetchFacet,windows prefetch facet,windows prefetch facet,,,,,,,,,,,,,
Class,uco,WindowsProcess,windows process,windows process,,,,,,,,,,,,,
Class,uco,WindowsProcessFacet,windows process facet,windows process facet,,,,,,,,,,,,,
Class,uco,WindowsRegistryHive,windows registry hive,windows registry hive,,,,,,,,,,,,,
Class,uco,WindowsRegistryHiveFacet,windows registry hive facet,windows registry hive facet,,,,,,,,,,,,,
Class,uco,WindowsRegistryKey,windows registry key,windows registry key,,,,,,,,,,,,,
Class,uco,WindowsRegistryKeyFacet,windows registry key facet,windows registry key facet,,,,,,,,,,,,,
Class,uco,WindowsRegistryValue,windows registry value,windows registry value,,,,,,,,,,,,,
Class,uco,WindowsService,windows service,windows service,,,,,,,,,,,,,
Class,uco,WindowsServiceFacet,windows service facet,windows service facet,,,,,,,,,,,,,
Class,uco,WindowsSystemRestore,windows system restore,windows system restore,,,,,,,,,,,,,
Class,uco,WindowsTask,windows task,windows task,,,,,,,,,,,,,
Class,uco,WindowsTaskFacet,windows task facet,windows task facet,,,,,,,,,,,,,
Class,uco,WindowsThread,windows thread,windows thread,,,,,,,,,,,,,
Class,uco,WindowsThreadFacet,windows thread facet,windows thread facet,,,,,,,,,,,,,
Class,uco,WindowsVolumeFacet,windows volume facet,windows volume facet,,,,,,,,,,,,,
Class,uco,WindowsWaitableTime,windows waitable time,windows waitable time,,,,,,,,,,,,,
Class,uco,WirelessNetworkConnection,wireless network connection,wireless network connection,,,,,,,,,,,,,
Class,uco,WirelessNetworkConnectionFacet,wireless network connection facet,wireless network connection facet,,,,,,,,,,,,,
Class,uco,WriteBlocker,write blocker,write blocker,,,,,,,,,,,,,
Class,uco,X509Certificate,x509certificate,x509certificate,,,,,,,,,,,,,
Class,uco,X509CertificateFacet,x509certificate facet,x509certificate facet,,,,,,,,,,,,,
Class,uco,X509V3Certificate,x509v3certificate,x509v3certificate,,,,,,,,,,,,,
Class,uco,X509V3ExtensionsFacet,x509v3extensions facet,x509v3extensions facet,,,,,,,,,,,,,
Property,uco,accessedDirectory,accessed directory,accessed directory,,,,,,,,,,,,,
Property,uco,accessedFile,accessed file,accessed file,,,,,,,,,,,,,
Property,uco,account,account,account,,,,,,,,,,,,,
Property,uco,accountIssuer,account issuer,account issuer,,,,,,,,,,,,,
Property,uco,action,action,action,,,,,,,,,,,,,
Property,uco,actionList,action list,action list,,,,,,,,,,,,,
Property,uco,address,address,address,,,,,,,,,,,,,
Property,uco,alternateDataStreams,alternate data streams,alternate data streams,,,,,,,,,,,,,
Property,uco,application,application,application,,,,,,,,,,,,,
Property,uco,attendant,attendant,attendant,,,,,,,,,,,,,
Property,uco,bcc,bcc,bcc,,,,,,,,,,,,,
Property,uco,binary,binary,binary,,,,,,,,,,,,,
Property,uco,bodyMultipart,body multipart,body multipart,,,,,,,,,,,,,
Property,uco,bodyRaw,body raw,body raw,,,,,,,,,,,,,
Property,uco,browserInformation,browser information,browser information,,,,,,,,,,,,,
Property,uco,buildConfiguration,build configuration,build configuration,,,,,,,,,,,,,
Property,uco,buildInformation,build information,build information,,,,,,,,,,,,,
Property,uco,buildUtility,build utility,build utility,,,,,,,,,,,,,
Property,uco,camera,camera,camera,,,,,,,,,,,,,
Property,uco,captureCellSite,capture cell site,capture cell site,,,,,,,,,,,,,
Property,uco,carrier,carrier,carrier,,,,,,,,,,,,,
Property,uco,cc,cc,cc,,,,,,,,,,,,,
Property,uco,certificateIssuer,certificate issuer,certificate issuer,,,,,,,,,,,,,
Property,uco,certificateSubject,certificate subject,certificate subject,,,,,,,,,,,,,
Property,uco,classification,classification,classification,,,,,,,,,,,,,
Property,uco,compilers,compilers,compilers,,,,,,,,,,,,,
Property,uco,configurationEntry,configuration entry,configuration entry,,,,,,,,,,,,,
Property,uco,contact,contact,contact,,,,,,,,,,,,,
Property,uco,contactAddress,contact address,contact address,,,,,,,,,,,,,
Property,uco,contactAffiliation,contact affiliation,contact affiliation,,,,,,,,,,,,,
Property,uco,contactEmail,contact email,contact email,,,,,,,,,,,,,
Property,uco,contactMessaging,contact messaging,contact messaging,,,,,,,,,,,,,
Property,uco,contactMessagingPlatform,contact messaging platform,contact messaging platform,,,,,,,,,,,,,
Property,uco,contactOrganization,contact organization,contact organization,,,,,,,,,,,,,
Property,uco,contactPhone,contact phone,contact phone,,,,,,,,,,,,,
Property,uco,contactPhoneNumber,contact phone number,contact phone number,,,,,,,,,,,,,
Property,uco,contactProfile,contact profile,contact profile,,,,,,,,,,,,,
Property,uco,contactProfilePlatform,contact profile platform,contact profile platform,,,,,,,,,,,,,
Property,uco,contactSIP,contact sip,contact sip,,,,,,,,,,,,,
Property,uco,contactURL,contact url,contact url,,,,,,,,,,,,,
Property,uco,cookieDomain,cookie domain,cookie domain,,,,,,,,,,,,,
Property,uco,createdBy,created by,created by,,,,,,,,,,,,,
Property,uco,creator,creator,creator,,,,,,,,,,,,,
Property,uco,creatorUser,creator user,creator user,,,,,,,,,,,,,
Property,uco,cyberAction,cyber action,cyber action,,,,,,,,,,,,,
Property,uco,dataPayloadReferenceURL,data payload reference url,data payload reference url,,,,,,,,,,,,,
Property,uco,definition,definition,definition,,,,,,,,,,,,,
Property,uco,dependencies,dependencies,dependencies,,,,,,,,,,,,,
Property,uco,dhcpServer,dhcp server,dhcp server,,,,,,,,,,,,,
Property,uco,documentInformationDictionary,document information dictionary,document information dictionary,,,,,,,,,,,,,
Property,uco,domainName,domain name,domain name,,,,,,,,,,,,,
Property,uco,dst,dst,dst,,,,,,,,,,,,,
Property,uco,dstPayload,dst payload,dst payload,,,,,,,,,,,,,
Property,uco,effectiveUser,effective user,effective user,,,,,,,,,,,,,
Property,uco,emailAddress,email address,email address,,,,,,,,,,,,,
Property,uco,entry,entry,entry,,,,,,,,,,,,,
Property,uco,environment,environment,environment,,,,,,,,,,,,,
Property,uco,environmentVariables,environment variables,environment variables,,,,,,,,,,,,,
Property,uco,error,error,error,,,,,,,,,,,,,
Property,uco,eventAttribute,event attribute,event attribute,,,,,,,,,,,,,
Property,uco,eventContext,event context,event context,,,,,,,,,,,,,
Property,uco,eventRecordDevice,event record device,event record device,,,,,,,,,,,,,
Property,uco,execProgramHashes,exec program hashes,exec program hashes,,,,,,,,,,,,,
Property,uco,exifData,exif data,exif data,,,,,,,,,,,,,
Property,uco,externalReference,external reference,external reference,,,,,,,,,,,,,
Property,uco,fileHeaderHashes,file header hashes,file header hashes,,,,,,,,,,,,,
Property,uco,from,from,from,,,,,,,,,,,,,
Property,uco,fromURLVisit,from url visit,from url visit,,,,,,,,,,,,,
Property,uco,geoLocationEntry,geo location entry,geo location entry,,,,,,,,,,,,,
Property,uco,geolocationAddress,geolocation address,geolocation address,,,,,,,,,,,,,
Property,uco,globalFlagList,global flag list,global flag list,,,,,,,,,,,,,
Property,uco,hasFacet,has facet,has facet,,,,,,,,,,,,,
Property,uco,hash,hash,hash,,,,,,,,,,,,,
Property,uco,hashes,hashes,hashes,,,,,,,,,,,,,
Property,uco,headerRaw,header raw,header raw,,,,,,,,,,,,,
Property,uco,host,host,host,,,,,,,,,,,,,
Property,uco,httpMessageBodyData,http message body data,http message body data,,,,,,,,,,,,,
Property,uco,httpRequestHeader,http request header,http request header,,,,,,,,,,,,,
Property,uco,iComHandlerAction,i com handler action,i com handler action,,,,,,,,,,,,,
Property,uco,iEmailAction,i email action,i email action,,,,,,,,,,,,,
Property,uco,iExecAction,i exec action,i exec action,,,,,,,,,,,,,
Property,uco,iShowMessageAction,i show message action,i show message action,,,,,,,,,,,,,
Property,uco,inetLocation,inet location,inet location,,,,,,,,,,,,,
Property,uco,installedVersionHistory,installed version history,installed version history,,,,,,,,,,,,,
Property,uco,instrument,instrument,instrument,,,,,,,,,,,,,
Property,uco,ip,ip,ip,,,,,,,,,,,,,
Property,uco,ipAddress,ip address,ip address,,,,,,,,,,,,,
Property,uco,ipGateway,ip gateway,ip gateway,,,,,,,,,,,,,
Property,uco,ipfix,ipfix,ipfix,,,,,,,,,,,,,
Property,uco,isConfigurationOf,is configuration of,is configuration of,,,,,,,,,,,,,
Property,uco,issuerHash,issuer hash,issuer hash,,,,,,,,,,,,,
Property,uco,itemObject,item object,item object,,,,,,,,,,,,,
Property,uco,libraries,libraries,libraries,,,,,,,,,,,,,
Property,uco,location,location,location,,,,,,,,,,,,,
Property,uco,macAddress,mac address,mac address,,,,,,,,,,,,,
Property,uco,manufacturer,manufacturer,manufacturer,,,,,,,,,,,,,
Property,uco,marking,marking,marking,,,,,,,,,,,,,
Property,uco,messageThread,message thread,message thread,,,,,,,,,,,,,
Property,uco,messagingAddress,messaging address,messaging address,,,,,,,,,,,,,
Property,uco,nameServer,name server,name server,,,,,,,,,,,,,
Property,uco,networkInterface,network interface,network interface,,,,,,,,,,,,,
Property,uco,newObject,new object,new object,,,,,,,,,,,,,
Property,uco,object,object,object,,,,,,,,,,,,,
Property,uco,objectMarking,object marking,object marking,,,,,,,,,,,,,
Property,uco,oldObject,old object,old object,,,,,,,,,,,,,
Property,uco,operatingSystem,operating system,operating system,,,,,,,,,,,,,
Property,uco,optionalHeader,optional header,optional header,,,,,,,,,,,,,
Property,uco,organizationLocation,organization location,organization location,,,,,,,,,,,,,
Property,uco,originatingAnalysis,originating analysis,originating analysis,,,,,,,,,,,,,
Property,uco,otherHeaders,other headers,other headers,,,,,,,,,,,,,
Property,uco,owner,owner,owner,,,,,,,,,,,,,
Property,uco,parent,parent,parent,,,,,,,,,,,,,
Property,uco,participant,participant,participant,,,,,,,,,,,,,
Property,uco,partition,partition,partition,,,,,,,,,,,,,
Property,uco,performer,performer,performer,,,,,,,,,,,,,
Property,uco,phase,phase,phase,,,,,,,,,,,,,
Property,uco,profile,profile,profile,,,,,,,,,,,,,
Property,uco,profileAccount,profile account,profile account,,,,,,,,,,,,,
Property,uco,profileBackgroundHash,profile background hash,profile background hash,,,,,,,,,,,,,
Property,uco,profileBackgroundLocation,profile background location,profile background location,,,,,,,,,,,,,
Property,uco,profileBannerHash,profile banner hash,profile banner hash,,,,,,,,,,,,,
Property,uco,profileBannerLocation,profile banner location,profile banner location,,,,,,,,,,,,,
Property,uco,profileIdentity,profile identity,profile identity,,,,,,,,,,,,,
Property,uco,profileImageHash,profile image hash,profile image hash,,,,,,,,,,,,,
Property,uco,profileImageLocation,profile image location,profile image location,,,,,,,,,,,,,
Property,uco,profileService,profile service,profile service,,,,,,,,,,,,,
Property,uco,profileWebsite,profile website,profile website,,,,,,,,,,,,,
Property,uco,protocols,protocols,protocols,,,,,,,,,,,,,
Property,uco,references,references,references,,,,,,,,,,,,,
Property,uco,referralURL,referral url,referral url,,,,,,,,,,,,,
Property,uco,referrerUrl,referrer url,referrer url,,,,,,,,,,,,,
Property,uco,registeredOrganization,registered organization,registered organization,,,,,,,,,,,,,
Property,uco,registeredOwner,registered owner,registered owner,,,,,,,,,,,,,
Property,uco,registrantContactInfo,registrant contact info,registrant contact info,,,,,,,,,,,,,
Property,uco,registrarInfo,registrar info,registrar info,,,,,,,,,,,,,
Property,uco,registryValues,registry values,registry values,,,,,,,,,,,,,
Property,uco,result,result,result,,,,,,,,,,,,,
Property,uco,resultContent,result content,result content,,,,,,,,,,,,,
Property,uco,sections,sections,sections,,,,,,,,,,,,,
Property,uco,sender,sender,sender,,,,,,,,,,,,,
Property,uco,serverName,server name,server name,,,,,,,,,,,,,
Property,uco,sipAddress,sip address,sip address,,,,,,,,,,,,,
Property,uco,source,source,source,,,,,,,,,,,,,
Property,uco,sourceApplication,source application,source application,,,,,,,,,,,,,
Property,uco,src,src,src,,,,,,,,,,,,,
Property,uco,srcPayload,src payload,src payload,,,,,,,,,,,,,
Property,uco,startupInfo,startup info,startup info,,,,,,,,,,,,,
Property,uco,strings,strings,strings,,,,,,,,,,,,,
Property,uco,subaction,subaction,subaction,,,,,,,,,,,,,
Property,uco,subjectHash,subject hash,subject hash,,,,,,,,,,,,,
Property,uco,target,target,target,,,,,,,,,,,,,
Property,uco,targetFile,target file,target file,,,,,,,,,,,,,
Property,uco,threadNextItem,thread next item,thread next item,,,,,,,,,,,,,
Property,uco,threadOriginItem,thread origin item,thread origin item,,,,,,,,,,,,,
Property,uco,threadPredecessor,thread predecessor,thread predecessor,,,,,,,,,,,,,
Property,uco,threadPreviousItem,thread previous item,thread previous item,,,,,,,,,,,,,
Property,uco,threadSuccessor,thread successor,thread successor,,,,,,,,,,,,,
Property,uco,threadTerminalItem,thread terminal item,thread terminal item,,,,,,,,,,,,,
Property,uco,thumbprintHash,thumbprint hash,thumbprint hash,,,,,,,,,,,,,
Property,uco,to,to,to,,,,,,,,,,,,,
Property,uco,triggerList,trigger list,trigger list,,,,,,,,,,,,,
Property,uco,url,url,url,,,,,,,,,,,,,
Property,uco,urlHistoryEntry,url history entry,url history entry,,,,,,,,,,,,,
Property,uco,usesConfiguration,uses configuration,uses configuration,,,,,,,,,,,,,
Property,uco,volume,volume,volume,,,,,,,,,,,,,
Property,uco,whoisServer,whois server,whois server,,,,,,,,,,,,,
Property,uco,windowsDirectory,windows directory,windows directory,,,,,,,,,,,,,
Property,uco,windowsSystemDirectory,windows system directory,windows system directory,,,,,,,,,,,,,
Property,uco,windowsTempDirectory,windows temp directory,windows temp directory,,,,,,,,,,,,,
Property,uco,workItemData,work item data,work item data,,,,,,,,,,,,,
Property,uco,workingDirectory,working directory,working directory,,,,,,,,,,,,,
Property,uco,x509v3extensions,x509v3extensions,x509v3extensions,,,,,,,,,,,,,
Property,uco,xOriginatingIP,x originating ip,x originating ip,,,,,,,,,,,,,
